Key,Value
 BitsPerPixel,16
 DimensionOrder,XYCZT
 IsInterleaved,false
 IsRGB,false
 LittleEndian,false
 PixelType,uint16
 Series 0 Name,MEF_02_actin_z18.tif
 SizeC,1
 SizeT,1
 SizeX,480
 SizeY,480
 SizeZ,1
BitsPerPixel,16
BitsPerSample,16
Column axis sequence,1
Compression,Uncompressed
DimensionOrder,XYZTC
Extended header Z0 W0 T0:emWavelen,457.0
Extended header Z0 W0 T0:energyConvFactor,1.0
Extended header Z0 W0 T0:exWavelen,360.0
Extended header Z0 W0 T0:expTime,0.12
Extended header Z0 W0 T0:intenScaling,1.0
Extended header Z0 W0 T0:maxInten,1605.0
Extended header Z0 W0 T0:minInten,50.0
Extended header Z0 W0 T0:ndFilter,0.01
Extended header Z0 W0 T0:photosensorReading,5363.0
Extended header Z0 W0 T0:timeStampSeconds,0.0
Extended header Z0 W1 T0:emWavelen,617.0
Extended header Z0 W1 T0:energyConvFactor,1.0
Extended header Z0 W1 T0:exWavelen,555.0
Extended header Z0 W1 T0:expTime,0.1
Extended header Z0 W1 T0:intenScaling,1.0
Extended header Z0 W1 T0:maxInten,942.0
Extended header Z0 W1 T0:minInten,51.0
Extended header Z0 W1 T0:ndFilter,0.01
Extended header Z0 W1 T0:photosensorReading,263660.0
Extended header Z0 W1 T0:timeStampSeconds,0.571
Extended header Z1 W0 T0:emWavelen,457.0
Extended header Z1 W0 T0:energyConvFactor,1.0
Extended header Z1 W0 T0:exWavelen,360.0
Extended header Z1 W0 T0:expTime,0.12
Extended header Z1 W0 T0:intenScaling,1.0
Extended header Z1 W0 T0:maxInten,1635.0
Extended header Z1 W0 T0:minInten,53.0
Extended header Z1 W0 T0:ndFilter,0.01
Extended header Z1 W0 T0:photosensorReading,5448.0
Extended header Z1 W0 T0:timeStampSeconds,1.157
Extended header Z1 W1 T0:emWavelen,617.0
Extended header Z1 W1 T0:energyConvFactor,1.0
Extended header Z1 W1 T0:exWavelen,555.0
Extended header Z1 W1 T0:expTime,0.1
Extended header Z1 W1 T0:intenScaling,1.0
Extended header Z1 W1 T0:maxInten,929.0
Extended header Z1 W1 T0:minInten,55.0
Extended header Z1 W1 T0:ndFilter,0.01
Extended header Z1 W1 T0:photosensorReading,264576.0
Extended header Z1 W1 T0:timeStampSeconds,1.728
Extended header Z10 W0 T0:emWavelen,457.0
Extended header Z10 W0 T0:energyConvFactor,1.0
Extended header Z10 W0 T0:exWavelen,360.0
Extended header Z10 W0 T0:expTime,0.12
Extended header Z10 W0 T0:intenScaling,1.0
Extended header Z10 W0 T0:maxInten,1856.0
Extended header Z10 W0 T0:minInten,49.0
Extended header Z10 W0 T0:ndFilter,0.01
Extended header Z10 W0 T0:photosensorReading,5444.0
Extended header Z10 W0 T0:timeStampSeconds,11.653
Extended header Z10 W1 T0:emWavelen,617.0
Extended header Z10 W1 T0:energyConvFactor,1.0
Extended header Z10 W1 T0:exWavelen,555.0
Extended header Z10 W1 T0:expTime,0.1
Extended header Z10 W1 T0:intenScaling,1.0
Extended header Z10 W1 T0:maxInten,1315.0
Extended header Z10 W1 T0:minInten,57.0
Extended header Z10 W1 T0:ndFilter,0.01
Extended header Z10 W1 T0:photosensorReading,264969.0
Extended header Z10 W1 T0:timeStampSeconds,12.224
Extended header Z11 W0 T0:emWavelen,457.0
Extended header Z11 W0 T0:energyConvFactor,1.0
Extended header Z11 W0 T0:exWavelen,360.0
Extended header Z11 W0 T0:expTime,0.12
Extended header Z11 W0 T0:intenScaling,1.0
Extended header Z11 W0 T0:maxInten,1952.0
Extended header Z11 W0 T0:minInten,55.0
Extended header Z11 W0 T0:ndFilter,0.01
Extended header Z11 W0 T0:photosensorReading,5472.0
Extended header Z11 W0 T0:timeStampSeconds,12.848
Extended header Z11 W1 T0:emWavelen,617.0
Extended header Z11 W1 T0:energyConvFactor,1.0
Extended header Z11 W1 T0:exWavelen,555.0
Extended header Z11 W1 T0:expTime,0.1
Extended header Z11 W1 T0:intenScaling,1.0
Extended header Z11 W1 T0:maxInten,1506.0
Extended header Z11 W1 T0:minInten,53.0
Extended header Z11 W1 T0:ndFilter,0.01
Extended header Z11 W1 T0:photosensorReading,265991.0
Extended header Z11 W1 T0:timeStampSeconds,13.42
Extended header Z12 W0 T0:emWavelen,457.0
Extended header Z12 W0 T0:energyConvFactor,1.0
Extended header Z12 W0 T0:exWavelen,360.0
Extended header Z12 W0 T0:expTime,0.12
Extended header Z12 W0 T0:intenScaling,1.0
Extended header Z12 W0 T0:maxInten,2127.0
Extended header Z12 W0 T0:minInten,50.0
Extended header Z12 W0 T0:ndFilter,0.01
Extended header Z12 W0 T0:photosensorReading,5640.0
Extended header Z12 W0 T0:timeStampSeconds,14.005
Extended header Z12 W1 T0:emWavelen,617.0
Extended header Z12 W1 T0:energyConvFactor,1.0
Extended header Z12 W1 T0:exWavelen,555.0
Extended header Z12 W1 T0:expTime,0.1
Extended header Z12 W1 T0:intenScaling,1.0
Extended header Z12 W1 T0:maxInten,1687.0
Extended header Z12 W1 T0:minInten,43.0
Extended header Z12 W1 T0:ndFilter,0.01
Extended header Z12 W1 T0:photosensorReading,266255.0
Extended header Z12 W1 T0:timeStampSeconds,14.576
Extended header Z13 W0 T0:emWavelen,457.0
Extended header Z13 W0 T0:energyConvFactor,1.0
Extended header Z13 W0 T0:exWavelen,360.0
Extended header Z13 W0 T0:expTime,0.12
Extended header Z13 W0 T0:intenScaling,1.0
Extended header Z13 W0 T0:maxInten,2296.0
Extended header Z13 W0 T0:minInten,50.0
Extended header Z13 W0 T0:ndFilter,0.01
Extended header Z13 W0 T0:photosensorReading,5783.0
Extended header Z13 W0 T0:timeStampSeconds,15.161
Extended header Z13 W1 T0:emWavelen,617.0
Extended header Z13 W1 T0:energyConvFactor,1.0
Extended header Z13 W1 T0:exWavelen,555.0
Extended header Z13 W1 T0:expTime,0.1
Extended header Z13 W1 T0:intenScaling,1.0
Extended header Z13 W1 T0:maxInten,1772.0
Extended header Z13 W1 T0:minInten,36.0
Extended header Z13 W1 T0:ndFilter,0.01
Extended header Z13 W1 T0:photosensorReading,266351.0
Extended header Z13 W1 T0:timeStampSeconds,15.729
Extended header Z14 W0 T0:emWavelen,457.0
Extended header Z14 W0 T0:energyConvFactor,1.0
Extended header Z14 W0 T0:exWavelen,360.0
Extended header Z14 W0 T0:expTime,0.12
Extended header Z14 W0 T0:intenScaling,1.0
Extended header Z14 W0 T0:maxInten,2765.0
Extended header Z14 W0 T0:minInten,50.0
Extended header Z14 W0 T0:ndFilter,0.01
Extended header Z14 W0 T0:photosensorReading,5882.0
Extended header Z14 W0 T0:timeStampSeconds,16.314
Extended header Z14 W1 T0:emWavelen,617.0
Extended header Z14 W1 T0:energyConvFactor,1.0
Extended header Z14 W1 T0:exWavelen,555.0
Extended header Z14 W1 T0:expTime,0.1
Extended header Z14 W1 T0:intenScaling,1.0
Extended header Z14 W1 T0:maxInten,2404.0
Extended header Z14 W1 T0:minInten,20.0
Extended header Z14 W1 T0:ndFilter,0.01
Extended header Z14 W1 T0:photosensorReading,265420.0
Extended header Z14 W1 T0:timeStampSeconds,16.887
Extended header Z15 W0 T0:emWavelen,457.0
Extended header Z15 W0 T0:energyConvFactor,1.0
Extended header Z15 W0 T0:exWavelen,360.0
Extended header Z15 W0 T0:expTime,0.12
Extended header Z15 W0 T0:intenScaling,1.0
Extended header Z15 W0 T0:maxInten,3188.0
Extended header Z15 W0 T0:minInten,51.0
Extended header Z15 W0 T0:ndFilter,0.01
Extended header Z15 W0 T0:photosensorReading,5872.0
Extended header Z15 W0 T0:timeStampSeconds,17.472
Extended header Z15 W1 T0:emWavelen,617.0
Extended header Z15 W1 T0:energyConvFactor,1.0
Extended header Z15 W1 T0:exWavelen,555.0
Extended header Z15 W1 T0:expTime,0.1
Extended header Z15 W1 T0:intenScaling,1.0
Extended header Z15 W1 T0:maxInten,3599.0
Extended header Z15 W1 T0:minInten,4.0
Extended header Z15 W1 T0:ndFilter,0.01
Extended header Z15 W1 T0:photosensorReading,266683.0
Extended header Z15 W1 T0:timeStampSeconds,18.084
Extended header Z16 W0 T0:emWavelen,457.0
Extended header Z16 W0 T0:energyConvFactor,1.0
Extended header Z16 W0 T0:exWavelen,360.0
Extended header Z16 W0 T0:expTime,0.12
Extended header Z16 W0 T0:intenScaling,1.0
Extended header Z16 W0 T0:maxInten,3832.0
Extended header Z16 W0 T0:minInten,47.0
Extended header Z16 W0 T0:ndFilter,0.01
Extended header Z16 W0 T0:photosensorReading,5754.0
Extended header Z16 W0 T0:timeStampSeconds,18.669
Extended header Z16 W1 T0:emWavelen,617.0
Extended header Z16 W1 T0:energyConvFactor,1.0
Extended header Z16 W1 T0:exWavelen,555.0
Extended header Z16 W1 T0:expTime,0.1
Extended header Z16 W1 T0:intenScaling,1.0
Extended header Z16 W1 T0:maxInten,5474.0
Extended header Z16 W1 T0:minInten,0.0
Extended header Z16 W1 T0:ndFilter,0.01
Extended header Z16 W1 T0:photosensorReading,265908.0
Extended header Z16 W1 T0:timeStampSeconds,19.239
Extended header Z17 W0 T0:emWavelen,457.0
Extended header Z17 W0 T0:energyConvFactor,1.0
Extended header Z17 W0 T0:exWavelen,360.0
Extended header Z17 W0 T0:expTime,0.12
Extended header Z17 W0 T0:intenScaling,1.0
Extended header Z17 W0 T0:maxInten,4064.0
Extended header Z17 W0 T0:minInten,53.0
Extended header Z17 W0 T0:ndFilter,0.01
Extended header Z17 W0 T0:photosensorReading,5634.0
Extended header Z17 W0 T0:timeStampSeconds,19.824
Extended header Z17 W1 T0:emWavelen,617.0
Extended header Z17 W1 T0:energyConvFactor,1.0
Extended header Z17 W1 T0:exWavelen,555.0
Extended header Z17 W1 T0:expTime,0.1
Extended header Z17 W1 T0:intenScaling,1.0
Extended header Z17 W1 T0:maxInten,5950.0
Extended header Z17 W1 T0:minInten,0.0
Extended header Z17 W1 T0:ndFilter,0.01
Extended header Z17 W1 T0:photosensorReading,266568.0
Extended header Z17 W1 T0:timeStampSeconds,20.392
Extended header Z18 W0 T0:emWavelen,457.0
Extended header Z18 W0 T0:energyConvFactor,1.0
Extended header Z18 W0 T0:exWavelen,360.0
Extended header Z18 W0 T0:expTime,0.12
Extended header Z18 W0 T0:intenScaling,1.0
Extended header Z18 W0 T0:maxInten,4067.0
Extended header Z18 W0 T0:minInten,49.0
Extended header Z18 W0 T0:ndFilter,0.01
Extended header Z18 W0 T0:photosensorReading,5456.0
Extended header Z18 W0 T0:timeStampSeconds,20.977
Extended header Z18 W1 T0:emWavelen,617.0
Extended header Z18 W1 T0:energyConvFactor,1.0
Extended header Z18 W1 T0:exWavelen,555.0
Extended header Z18 W1 T0:expTime,0.1
Extended header Z18 W1 T0:intenScaling,1.0
Extended header Z18 W1 T0:maxInten,7076.0
Extended header Z18 W1 T0:minInten,0.0
Extended header Z18 W1 T0:ndFilter,0.01
Extended header Z18 W1 T0:photosensorReading,266498.0
Extended header Z18 W1 T0:timeStampSeconds,21.549
Extended header Z19 W0 T0:emWavelen,457.0
Extended header Z19 W0 T0:energyConvFactor,1.0
Extended header Z19 W0 T0:exWavelen,360.0
Extended header Z19 W0 T0:expTime,0.12
Extended header Z19 W0 T0:intenScaling,1.0
Extended header Z19 W0 T0:maxInten,4320.0
Extended header Z19 W0 T0:minInten,50.0
Extended header Z19 W0 T0:ndFilter,0.01
Extended header Z19 W0 T0:photosensorReading,5461.0
Extended header Z19 W0 T0:timeStampSeconds,22.136
Extended header Z19 W1 T0:emWavelen,617.0
Extended header Z19 W1 T0:energyConvFactor,1.0
Extended header Z19 W1 T0:exWavelen,555.0
Extended header Z19 W1 T0:expTime,0.1
Extended header Z19 W1 T0:intenScaling,1.0
Extended header Z19 W1 T0:maxInten,7401.0
Extended header Z19 W1 T0:minInten,0.0
Extended header Z19 W1 T0:ndFilter,0.01
Extended header Z19 W1 T0:photosensorReading,266567.0
Extended header Z19 W1 T0:timeStampSeconds,22.706
Extended header Z2 W0 T0:emWavelen,457.0
Extended header Z2 W0 T0:energyConvFactor,1.0
Extended header Z2 W0 T0:exWavelen,360.0
Extended header Z2 W0 T0:expTime,0.12
Extended header Z2 W0 T0:intenScaling,1.0
Extended header Z2 W0 T0:maxInten,1599.0
Extended header Z2 W0 T0:minInten,52.0
Extended header Z2 W0 T0:ndFilter,0.01
Extended header Z2 W0 T0:photosensorReading,5443.0
Extended header Z2 W0 T0:timeStampSeconds,2.355
Extended header Z2 W1 T0:emWavelen,617.0
Extended header Z2 W1 T0:energyConvFactor,1.0
Extended header Z2 W1 T0:exWavelen,555.0
Extended header Z2 W1 T0:expTime,0.1
Extended header Z2 W1 T0:intenScaling,1.0
Extended header Z2 W1 T0:maxInten,985.0
Extended header Z2 W1 T0:minInten,53.0
Extended header Z2 W1 T0:ndFilter,0.01
Extended header Z2 W1 T0:photosensorReading,264434.0
Extended header Z2 W1 T0:timeStampSeconds,2.928
Extended header Z20 W0 T0:emWavelen,457.0
Extended header Z20 W0 T0:energyConvFactor,1.0
Extended header Z20 W0 T0:exWavelen,360.0
Extended header Z20 W0 T0:expTime,0.12
Extended header Z20 W0 T0:intenScaling,1.0
Extended header Z20 W0 T0:maxInten,4455.0
Extended header Z20 W0 T0:minInten,40.0
Extended header Z20 W0 T0:ndFilter,0.01
Extended header Z20 W0 T0:photosensorReading,5468.0
Extended header Z20 W0 T0:timeStampSeconds,23.333
Extended header Z20 W1 T0:emWavelen,617.0
Extended header Z20 W1 T0:energyConvFactor,1.0
Extended header Z20 W1 T0:exWavelen,555.0
Extended header Z20 W1 T0:expTime,0.1
Extended header Z20 W1 T0:intenScaling,1.0
Extended header Z20 W1 T0:maxInten,6473.0
Extended header Z20 W1 T0:minInten,0.0
Extended header Z20 W1 T0:ndFilter,0.01
Extended header Z20 W1 T0:photosensorReading,267058.0
Extended header Z20 W1 T0:timeStampSeconds,23.903
Extended header Z21 W0 T0:emWavelen,457.0
Extended header Z21 W0 T0:energyConvFactor,1.0
Extended header Z21 W0 T0:exWavelen,360.0
Extended header Z21 W0 T0:expTime,0.12
Extended header Z21 W0 T0:intenScaling,1.0
Extended header Z21 W0 T0:maxInten,4269.0
Extended header Z21 W0 T0:minInten,52.0
Extended header Z21 W0 T0:ndFilter,0.01
Extended header Z21 W0 T0:photosensorReading,5638.0
Extended header Z21 W0 T0:timeStampSeconds,24.486
Extended header Z21 W1 T0:emWavelen,617.0
Extended header Z21 W1 T0:energyConvFactor,1.0
Extended header Z21 W1 T0:exWavelen,555.0
Extended header Z21 W1 T0:expTime,0.1
Extended header Z21 W1 T0:intenScaling,1.0
Extended header Z21 W1 T0:maxInten,5037.0
Extended header Z21 W1 T0:minInten,0.0
Extended header Z21 W1 T0:ndFilter,0.01
Extended header Z21 W1 T0:photosensorReading,267153.0
Extended header Z21 W1 T0:timeStampSeconds,25.055
Extended header Z22 W0 T0:emWavelen,457.0
Extended header Z22 W0 T0:energyConvFactor,1.0
Extended header Z22 W0 T0:exWavelen,360.0
Extended header Z22 W0 T0:expTime,0.12
Extended header Z22 W0 T0:intenScaling,1.0
Extended header Z22 W0 T0:maxInten,4157.0
Extended header Z22 W0 T0:minInten,48.0
Extended header Z22 W0 T0:ndFilter,0.01
Extended header Z22 W0 T0:photosensorReading,5751.0
Extended header Z22 W0 T0:timeStampSeconds,25.641
Extended header Z22 W1 T0:emWavelen,617.0
Extended header Z22 W1 T0:energyConvFactor,1.0
Extended header Z22 W1 T0:exWavelen,555.0
Extended header Z22 W1 T0:expTime,0.1
Extended header Z22 W1 T0:intenScaling,1.0
Extended header Z22 W1 T0:maxInten,4078.0
Extended header Z22 W1 T0:minInten,6.0
Extended header Z22 W1 T0:ndFilter,0.01
Extended header Z22 W1 T0:photosensorReading,265417.0
Extended header Z22 W1 T0:timeStampSeconds,26.213
Extended header Z23 W0 T0:emWavelen,457.0
Extended header Z23 W0 T0:energyConvFactor,1.0
Extended header Z23 W0 T0:exWavelen,360.0
Extended header Z23 W0 T0:expTime,0.12
Extended header Z23 W0 T0:intenScaling,1.0
Extended header Z23 W0 T0:maxInten,4058.0
Extended header Z23 W0 T0:minInten,48.0
Extended header Z23 W0 T0:ndFilter,0.01
Extended header Z23 W0 T0:photosensorReading,5878.0
Extended header Z23 W0 T0:timeStampSeconds,26.798
Extended header Z23 W1 T0:emWavelen,617.0
Extended header Z23 W1 T0:energyConvFactor,1.0
Extended header Z23 W1 T0:exWavelen,555.0
Extended header Z23 W1 T0:expTime,0.1
Extended header Z23 W1 T0:intenScaling,1.0
Extended header Z23 W1 T0:maxInten,2935.0
Extended header Z23 W1 T0:minInten,14.0
Extended header Z23 W1 T0:ndFilter,0.01
Extended header Z23 W1 T0:photosensorReading,267098.0
Extended header Z23 W1 T0:timeStampSeconds,27.369
Extended header Z24 W0 T0:emWavelen,457.0
Extended header Z24 W0 T0:energyConvFactor,1.0
Extended header Z24 W0 T0:exWavelen,360.0
Extended header Z24 W0 T0:expTime,0.12
Extended header Z24 W0 T0:intenScaling,1.0
Extended header Z24 W0 T0:maxInten,4101.0
Extended header Z24 W0 T0:minInten,52.0
Extended header Z24 W0 T0:ndFilter,0.01
Extended header Z24 W0 T0:photosensorReading,5902.0
Extended header Z24 W0 T0:timeStampSeconds,27.952
Extended header Z24 W1 T0:emWavelen,617.0
Extended header Z24 W1 T0:energyConvFactor,1.0
Extended header Z24 W1 T0:exWavelen,555.0
Extended header Z24 W1 T0:expTime,0.1
Extended header Z24 W1 T0:intenScaling,1.0
Extended header Z24 W1 T0:maxInten,2559.0
Extended header Z24 W1 T0:minInten,21.0
Extended header Z24 W1 T0:ndFilter,0.01
Extended header Z24 W1 T0:photosensorReading,265409.0
Extended header Z24 W1 T0:timeStampSeconds,28.561
Extended header Z25 W0 T0:emWavelen,457.0
Extended header Z25 W0 T0:energyConvFactor,1.0
Extended header Z25 W0 T0:exWavelen,360.0
Extended header Z25 W0 T0:expTime,0.12
Extended header Z25 W0 T0:intenScaling,1.0
Extended header Z25 W0 T0:maxInten,3855.0
Extended header Z25 W0 T0:minInten,47.0
Extended header Z25 W0 T0:ndFilter,0.01
Extended header Z25 W0 T0:photosensorReading,5733.0
Extended header Z25 W0 T0:timeStampSeconds,29.146
Extended header Z25 W1 T0:emWavelen,617.0
Extended header Z25 W1 T0:energyConvFactor,1.0
Extended header Z25 W1 T0:exWavelen,555.0
Extended header Z25 W1 T0:expTime,0.1
Extended header Z25 W1 T0:intenScaling,1.0
Extended header Z25 W1 T0:maxInten,2031.0
Extended header Z25 W1 T0:minInten,22.0
Extended header Z25 W1 T0:ndFilter,0.01
Extended header Z25 W1 T0:photosensorReading,266290.0
Extended header Z25 W1 T0:timeStampSeconds,29.715
Extended header Z26 W0 T0:emWavelen,457.0
Extended header Z26 W0 T0:energyConvFactor,1.0
Extended header Z26 W0 T0:exWavelen,360.0
Extended header Z26 W0 T0:expTime,0.12
Extended header Z26 W0 T0:intenScaling,1.0
Extended header Z26 W0 T0:maxInten,3733.0
Extended header Z26 W0 T0:minInten,53.0
Extended header Z26 W0 T0:ndFilter,0.01
Extended header Z26 W0 T0:photosensorReading,5610.0
Extended header Z26 W0 T0:timeStampSeconds,30.299
Extended header Z26 W1 T0:emWavelen,617.0
Extended header Z26 W1 T0:energyConvFactor,1.0
Extended header Z26 W1 T0:exWavelen,555.0
Extended header Z26 W1 T0:expTime,0.1
Extended header Z26 W1 T0:intenScaling,1.0
Extended header Z26 W1 T0:maxInten,1996.0
Extended header Z26 W1 T0:minInten,22.0
Extended header Z26 W1 T0:ndFilter,0.01
Extended header Z26 W1 T0:photosensorReading,265636.0
Extended header Z26 W1 T0:timeStampSeconds,30.87
Extended header Z27 W0 T0:emWavelen,457.0
Extended header Z27 W0 T0:energyConvFactor,1.0
Extended header Z27 W0 T0:exWavelen,360.0
Extended header Z27 W0 T0:expTime,0.12
Extended header Z27 W0 T0:intenScaling,1.0
Extended header Z27 W0 T0:maxInten,3085.0
Extended header Z27 W0 T0:minInten,54.0
Extended header Z27 W0 T0:ndFilter,0.01
Extended header Z27 W0 T0:photosensorReading,5467.0
Extended header Z27 W0 T0:timeStampSeconds,31.455
Extended header Z27 W1 T0:emWavelen,617.0
Extended header Z27 W1 T0:energyConvFactor,1.0
Extended header Z27 W1 T0:exWavelen,555.0
Extended header Z27 W1 T0:expTime,0.1
Extended header Z27 W1 T0:intenScaling,1.0
Extended header Z27 W1 T0:maxInten,1823.0
Extended header Z27 W1 T0:minInten,28.0
Extended header Z27 W1 T0:ndFilter,0.01
Extended header Z27 W1 T0:photosensorReading,268722.0
Extended header Z27 W1 T0:timeStampSeconds,32.04
Extended header Z28 W0 T0:emWavelen,457.0
Extended header Z28 W0 T0:energyConvFactor,1.0
Extended header Z28 W0 T0:exWavelen,360.0
Extended header Z28 W0 T0:expTime,0.12
Extended header Z28 W0 T0:intenScaling,1.0
Extended header Z28 W0 T0:maxInten,2461.0
Extended header Z28 W0 T0:minInten,50.0
Extended header Z28 W0 T0:ndFilter,0.01
Extended header Z28 W0 T0:photosensorReading,5442.0
Extended header Z28 W0 T0:timeStampSeconds,32.623
Extended header Z28 W1 T0:emWavelen,617.0
Extended header Z28 W1 T0:energyConvFactor,1.0
Extended header Z28 W1 T0:exWavelen,555.0
Extended header Z28 W1 T0:expTime,0.1
Extended header Z28 W1 T0:intenScaling,1.0
Extended header Z28 W1 T0:maxInten,1779.0
Extended header Z28 W1 T0:minInten,27.0
Extended header Z28 W1 T0:ndFilter,0.01
Extended header Z28 W1 T0:photosensorReading,268905.0
Extended header Z28 W1 T0:timeStampSeconds,33.193
Extended header Z29 W0 T0:emWavelen,457.0
Extended header Z29 W0 T0:energyConvFactor,1.0
Extended header Z29 W0 T0:exWavelen,360.0
Extended header Z29 W0 T0:expTime,0.12
Extended header Z29 W0 T0:intenScaling,1.0
Extended header Z29 W0 T0:maxInten,2309.0
Extended header Z29 W0 T0:minInten,48.0
Extended header Z29 W0 T0:ndFilter,0.01
Extended header Z29 W0 T0:photosensorReading,5463.0
Extended header Z29 W0 T0:timeStampSeconds,33.819
Extended header Z29 W1 T0:emWavelen,617.0
Extended header Z29 W1 T0:energyConvFactor,1.0
Extended header Z29 W1 T0:exWavelen,555.0
Extended header Z29 W1 T0:expTime,0.1
Extended header Z29 W1 T0:intenScaling,1.0
Extended header Z29 W1 T0:maxInten,1433.0
Extended header Z29 W1 T0:minInten,42.0
Extended header Z29 W1 T0:ndFilter,0.01
Extended header Z29 W1 T0:photosensorReading,265381.0
Extended header Z29 W1 T0:timeStampSeconds,34.388
Extended header Z3 W0 T0:emWavelen,457.0
Extended header Z3 W0 T0:energyConvFactor,1.0
Extended header Z3 W0 T0:exWavelen,360.0
Extended header Z3 W0 T0:expTime,0.12
Extended header Z3 W0 T0:intenScaling,1.0
Extended header Z3 W0 T0:maxInten,1617.0
Extended header Z3 W0 T0:minInten,50.0
Extended header Z3 W0 T0:ndFilter,0.01
Extended header Z3 W0 T0:photosensorReading,5631.0
Extended header Z3 W0 T0:timeStampSeconds,3.514
Extended header Z3 W1 T0:emWavelen,617.0
Extended header Z3 W1 T0:energyConvFactor,1.0
Extended header Z3 W1 T0:exWavelen,555.0
Extended header Z3 W1 T0:expTime,0.1
Extended header Z3 W1 T0:intenScaling,1.0
Extended header Z3 W1 T0:maxInten,1000.0
Extended header Z3 W1 T0:minInten,53.0
Extended header Z3 W1 T0:ndFilter,0.01
Extended header Z3 W1 T0:photosensorReading,265637.0
Extended header Z3 W1 T0:timeStampSeconds,4.086
Extended header Z30 W0 T0:emWavelen,457.0
Extended header Z30 W0 T0:energyConvFactor,1.0
Extended header Z30 W0 T0:exWavelen,360.0
Extended header Z30 W0 T0:expTime,0.12
Extended header Z30 W0 T0:intenScaling,1.0
Extended header Z30 W0 T0:maxInten,2035.0
Extended header Z30 W0 T0:minInten,49.0
Extended header Z30 W0 T0:ndFilter,0.01
Extended header Z30 W0 T0:photosensorReading,5641.0
Extended header Z30 W0 T0:timeStampSeconds,34.969
Extended header Z30 W1 T0:emWavelen,617.0
Extended header Z30 W1 T0:energyConvFactor,1.0
Extended header Z30 W1 T0:exWavelen,555.0
Extended header Z30 W1 T0:expTime,0.1
Extended header Z30 W1 T0:intenScaling,1.0
Extended header Z30 W1 T0:maxInten,1608.0
Extended header Z30 W1 T0:minInten,41.0
Extended header Z30 W1 T0:ndFilter,0.01
Extended header Z30 W1 T0:photosensorReading,265749.0
Extended header Z30 W1 T0:timeStampSeconds,35.539
Extended header Z31 W0 T0:emWavelen,457.0
Extended header Z31 W0 T0:energyConvFactor,1.0
Extended header Z31 W0 T0:exWavelen,360.0
Extended header Z31 W0 T0:expTime,0.12
Extended header Z31 W0 T0:intenScaling,1.0
Extended header Z31 W0 T0:maxInten,2087.0
Extended header Z31 W0 T0:minInten,54.0
Extended header Z31 W0 T0:ndFilter,0.01
Extended header Z31 W0 T0:photosensorReading,5752.0
Extended header Z31 W0 T0:timeStampSeconds,36.121
Extended header Z31 W1 T0:emWavelen,617.0
Extended header Z31 W1 T0:energyConvFactor,1.0
Extended header Z31 W1 T0:exWavelen,555.0
Extended header Z31 W1 T0:expTime,0.1
Extended header Z31 W1 T0:intenScaling,1.0
Extended header Z31 W1 T0:maxInten,1430.0
Extended header Z31 W1 T0:minInten,43.0
Extended header Z31 W1 T0:ndFilter,0.01
Extended header Z31 W1 T0:photosensorReading,265586.0
Extended header Z31 W1 T0:timeStampSeconds,36.691
Extended header Z32 W0 T0:emWavelen,457.0
Extended header Z32 W0 T0:energyConvFactor,1.0
Extended header Z32 W0 T0:exWavelen,360.0
Extended header Z32 W0 T0:expTime,0.12
Extended header Z32 W0 T0:intenScaling,1.0
Extended header Z32 W0 T0:maxInten,1971.0
Extended header Z32 W0 T0:minInten,50.0
Extended header Z32 W0 T0:ndFilter,0.01
Extended header Z32 W0 T0:photosensorReading,5879.0
Extended header Z32 W0 T0:timeStampSeconds,37.275
Extended header Z32 W1 T0:emWavelen,617.0
Extended header Z32 W1 T0:energyConvFactor,1.0
Extended header Z32 W1 T0:exWavelen,555.0
Extended header Z32 W1 T0:expTime,0.1
Extended header Z32 W1 T0:intenScaling,1.0
Extended header Z32 W1 T0:maxInten,1236.0
Extended header Z32 W1 T0:minInten,37.0
Extended header Z32 W1 T0:ndFilter,0.01
Extended header Z32 W1 T0:photosensorReading,266586.0
Extended header Z32 W1 T0:timeStampSeconds,37.847
Extended header Z33 W0 T0:emWavelen,457.0
Extended header Z33 W0 T0:energyConvFactor,1.0
Extended header Z33 W0 T0:exWavelen,360.0
Extended header Z33 W0 T0:expTime,0.12
Extended header Z33 W0 T0:intenScaling,1.0
Extended header Z33 W0 T0:maxInten,1945.0
Extended header Z33 W0 T0:minInten,50.0
Extended header Z33 W0 T0:ndFilter,0.01
Extended header Z33 W0 T0:photosensorReading,5836.0
Extended header Z33 W0 T0:timeStampSeconds,38.43
Extended header Z33 W1 T0:emWavelen,617.0
Extended header Z33 W1 T0:energyConvFactor,1.0
Extended header Z33 W1 T0:exWavelen,555.0
Extended header Z33 W1 T0:expTime,0.1
Extended header Z33 W1 T0:intenScaling,1.0
Extended header Z33 W1 T0:maxInten,1223.0
Extended header Z33 W1 T0:minInten,48.0
Extended header Z33 W1 T0:ndFilter,0.01
Extended header Z33 W1 T0:photosensorReading,265960.0
Extended header Z33 W1 T0:timeStampSeconds,39.044
Extended header Z34 W0 T0:emWavelen,457.0
Extended header Z34 W0 T0:energyConvFactor,1.0
Extended header Z34 W0 T0:exWavelen,360.0
Extended header Z34 W0 T0:expTime,0.12
Extended header Z34 W0 T0:intenScaling,1.0
Extended header Z34 W0 T0:maxInten,1908.0
Extended header Z34 W0 T0:minInten,50.0
Extended header Z34 W0 T0:ndFilter,0.01
Extended header Z34 W0 T0:photosensorReading,5747.0
Extended header Z34 W0 T0:timeStampSeconds,39.629
Extended header Z34 W1 T0:emWavelen,617.0
Extended header Z34 W1 T0:energyConvFactor,1.0
Extended header Z34 W1 T0:exWavelen,555.0
Extended header Z34 W1 T0:expTime,0.1
Extended header Z34 W1 T0:intenScaling,1.0
Extended header Z34 W1 T0:maxInten,1156.0
Extended header Z34 W1 T0:minInten,48.0
Extended header Z34 W1 T0:ndFilter,0.01
Extended header Z34 W1 T0:photosensorReading,265796.0
Extended header Z34 W1 T0:timeStampSeconds,40.2
Extended header Z35 W0 T0:emWavelen,457.0
Extended header Z35 W0 T0:energyConvFactor,1.0
Extended header Z35 W0 T0:exWavelen,360.0
Extended header Z35 W0 T0:expTime,0.12
Extended header Z35 W0 T0:intenScaling,1.0
Extended header Z35 W0 T0:maxInten,1963.0
Extended header Z35 W0 T0:minInten,53.0
Extended header Z35 W0 T0:ndFilter,0.01
Extended header Z35 W0 T0:photosensorReading,5599.0
Extended header Z35 W0 T0:timeStampSeconds,40.785
Extended header Z35 W1 T0:emWavelen,617.0
Extended header Z35 W1 T0:energyConvFactor,1.0
Extended header Z35 W1 T0:exWavelen,555.0
Extended header Z35 W1 T0:expTime,0.1
Extended header Z35 W1 T0:intenScaling,1.0
Extended header Z35 W1 T0:maxInten,1196.0
Extended header Z35 W1 T0:minInten,50.0
Extended header Z35 W1 T0:ndFilter,0.01
Extended header Z35 W1 T0:photosensorReading,266325.0
Extended header Z35 W1 T0:timeStampSeconds,41.354
Extended header Z36 W0 T0:emWavelen,457.0
Extended header Z36 W0 T0:energyConvFactor,1.0
Extended header Z36 W0 T0:exWavelen,360.0
Extended header Z36 W0 T0:expTime,0.12
Extended header Z36 W0 T0:intenScaling,1.0
Extended header Z36 W0 T0:maxInten,1837.0
Extended header Z36 W0 T0:minInten,49.0
Extended header Z36 W0 T0:ndFilter,0.01
Extended header Z36 W0 T0:photosensorReading,5454.0
Extended header Z36 W0 T0:timeStampSeconds,41.937
Extended header Z36 W1 T0:emWavelen,617.0
Extended header Z36 W1 T0:energyConvFactor,1.0
Extended header Z36 W1 T0:exWavelen,555.0
Extended header Z36 W1 T0:expTime,0.1
Extended header Z36 W1 T0:intenScaling,1.0
Extended header Z36 W1 T0:maxInten,1234.0
Extended header Z36 W1 T0:minInten,49.0
Extended header Z36 W1 T0:ndFilter,0.01
Extended header Z36 W1 T0:photosensorReading,266495.0
Extended header Z36 W1 T0:timeStampSeconds,42.507
Extended header Z37 W0 T0:emWavelen,457.0
Extended header Z37 W0 T0:energyConvFactor,1.0
Extended header Z37 W0 T0:exWavelen,360.0
Extended header Z37 W0 T0:expTime,0.12
Extended header Z37 W0 T0:intenScaling,1.0
Extended header Z37 W0 T0:maxInten,1900.0
Extended header Z37 W0 T0:minInten,49.0
Extended header Z37 W0 T0:ndFilter,0.01
Extended header Z37 W0 T0:photosensorReading,5446.0
Extended header Z37 W0 T0:timeStampSeconds,43.09
Extended header Z37 W1 T0:emWavelen,617.0
Extended header Z37 W1 T0:energyConvFactor,1.0
Extended header Z37 W1 T0:exWavelen,555.0
Extended header Z37 W1 T0:expTime,0.1
Extended header Z37 W1 T0:intenScaling,1.0
Extended header Z37 W1 T0:maxInten,1205.0
Extended header Z37 W1 T0:minInten,46.0
Extended header Z37 W1 T0:ndFilter,0.01
Extended header Z37 W1 T0:photosensorReading,265880.0
Extended header Z37 W1 T0:timeStampSeconds,43.661
Extended header Z38 W0 T0:emWavelen,457.0
Extended header Z38 W0 T0:energyConvFactor,1.0
Extended header Z38 W0 T0:exWavelen,360.0
Extended header Z38 W0 T0:expTime,0.12
Extended header Z38 W0 T0:intenScaling,1.0
Extended header Z38 W0 T0:maxInten,1753.0
Extended header Z38 W0 T0:minInten,48.0
Extended header Z38 W0 T0:ndFilter,0.01
Extended header Z38 W0 T0:photosensorReading,5462.0
Extended header Z38 W0 T0:timeStampSeconds,44.287
Extended header Z38 W1 T0:emWavelen,617.0
Extended header Z38 W1 T0:energyConvFactor,1.0
Extended header Z38 W1 T0:exWavelen,555.0
Extended header Z38 W1 T0:expTime,0.1
Extended header Z38 W1 T0:intenScaling,1.0
Extended header Z38 W1 T0:maxInten,1088.0
Extended header Z38 W1 T0:minInten,55.0
Extended header Z38 W1 T0:ndFilter,0.01
Extended header Z38 W1 T0:photosensorReading,265557.0
Extended header Z38 W1 T0:timeStampSeconds,44.857
Extended header Z39 W0 T0:emWavelen,457.0
Extended header Z39 W0 T0:energyConvFactor,1.0
Extended header Z39 W0 T0:exWavelen,360.0
Extended header Z39 W0 T0:expTime,0.12
Extended header Z39 W0 T0:intenScaling,1.0
Extended header Z39 W0 T0:maxInten,1820.0
Extended header Z39 W0 T0:minInten,47.0
Extended header Z39 W0 T0:ndFilter,0.01
Extended header Z39 W0 T0:photosensorReading,5657.0
Extended header Z39 W0 T0:timeStampSeconds,45.442
Extended header Z39 W1 T0:emWavelen,617.0
Extended header Z39 W1 T0:energyConvFactor,1.0
Extended header Z39 W1 T0:exWavelen,555.0
Extended header Z39 W1 T0:expTime,0.1
Extended header Z39 W1 T0:intenScaling,1.0
Extended header Z39 W1 T0:maxInten,1108.0
Extended header Z39 W1 T0:minInten,48.0
Extended header Z39 W1 T0:ndFilter,0.01
Extended header Z39 W1 T0:photosensorReading,266148.0
Extended header Z39 W1 T0:timeStampSeconds,46.013
Extended header Z4 W0 T0:emWavelen,457.0
Extended header Z4 W0 T0:energyConvFactor,1.0
Extended header Z4 W0 T0:exWavelen,360.0
Extended header Z4 W0 T0:expTime,0.12
Extended header Z4 W0 T0:intenScaling,1.0
Extended header Z4 W0 T0:maxInten,1632.0
Extended header Z4 W0 T0:minInten,49.0
Extended header Z4 W0 T0:ndFilter,0.01
Extended header Z4 W0 T0:photosensorReading,5742.0
Extended header Z4 W0 T0:timeStampSeconds,4.671
Extended header Z4 W1 T0:emWavelen,617.0
Extended header Z4 W1 T0:energyConvFactor,1.0
Extended header Z4 W1 T0:exWavelen,555.0
Extended header Z4 W1 T0:expTime,0.1
Extended header Z4 W1 T0:intenScaling,1.0
Extended header Z4 W1 T0:maxInten,1054.0
Extended header Z4 W1 T0:minInten,57.0
Extended header Z4 W1 T0:ndFilter,0.01
Extended header Z4 W1 T0:photosensorReading,265223.0
Extended header Z4 W1 T0:timeStampSeconds,5.24
Extended header Z40 W0 T0:emWavelen,457.0
Extended header Z40 W0 T0:energyConvFactor,1.0
Extended header Z40 W0 T0:exWavelen,360.0
Extended header Z40 W0 T0:expTime,0.12
Extended header Z40 W0 T0:intenScaling,1.0
Extended header Z40 W0 T0:maxInten,1764.0
Extended header Z40 W0 T0:minInten,52.0
Extended header Z40 W0 T0:ndFilter,0.01
Extended header Z40 W0 T0:photosensorReading,5790.0
Extended header Z40 W0 T0:timeStampSeconds,46.597
Extended header Z40 W1 T0:emWavelen,617.0
Extended header Z40 W1 T0:energyConvFactor,1.0
Extended header Z40 W1 T0:exWavelen,555.0
Extended header Z40 W1 T0:expTime,0.1
Extended header Z40 W1 T0:intenScaling,1.0
Extended header Z40 W1 T0:maxInten,1104.0
Extended header Z40 W1 T0:minInten,53.0
Extended header Z40 W1 T0:ndFilter,0.01
Extended header Z40 W1 T0:photosensorReading,265513.0
Extended header Z40 W1 T0:timeStampSeconds,47.167
Extended header Z41 W0 T0:emWavelen,457.0
Extended header Z41 W0 T0:energyConvFactor,1.0
Extended header Z41 W0 T0:exWavelen,360.0
Extended header Z41 W0 T0:expTime,0.12
Extended header Z41 W0 T0:intenScaling,1.0
Extended header Z41 W0 T0:maxInten,1799.0
Extended header Z41 W0 T0:minInten,49.0
Extended header Z41 W0 T0:ndFilter,0.01
Extended header Z41 W0 T0:photosensorReading,5883.0
Extended header Z41 W0 T0:timeStampSeconds,47.749
Extended header Z41 W1 T0:emWavelen,617.0
Extended header Z41 W1 T0:energyConvFactor,1.0
Extended header Z41 W1 T0:exWavelen,555.0
Extended header Z41 W1 T0:expTime,0.1
Extended header Z41 W1 T0:intenScaling,1.0
Extended header Z41 W1 T0:maxInten,1096.0
Extended header Z41 W1 T0:minInten,55.0
Extended header Z41 W1 T0:ndFilter,0.01
Extended header Z41 W1 T0:photosensorReading,266347.0
Extended header Z41 W1 T0:timeStampSeconds,48.32
Extended header Z42 W0 T0:emWavelen,457.0
Extended header Z42 W0 T0:energyConvFactor,1.0
Extended header Z42 W0 T0:exWavelen,360.0
Extended header Z42 W0 T0:expTime,0.12
Extended header Z42 W0 T0:intenScaling,1.0
Extended header Z42 W0 T0:maxInten,1700.0
Extended header Z42 W0 T0:minInten,50.0
Extended header Z42 W0 T0:ndFilter,0.01
Extended header Z42 W0 T0:photosensorReading,5829.0
Extended header Z42 W0 T0:timeStampSeconds,48.904
Extended header Z42 W1 T0:emWavelen,617.0
Extended header Z42 W1 T0:energyConvFactor,1.0
Extended header Z42 W1 T0:exWavelen,555.0
Extended header Z42 W1 T0:expTime,0.1
Extended header Z42 W1 T0:intenScaling,1.0
Extended header Z42 W1 T0:maxInten,1053.0
Extended header Z42 W1 T0:minInten,57.0
Extended header Z42 W1 T0:ndFilter,0.01
Extended header Z42 W1 T0:photosensorReading,266075.0
Extended header Z42 W1 T0:timeStampSeconds,49.514
Extended header Z43 W0 T0:emWavelen,457.0
Extended header Z43 W0 T0:energyConvFactor,1.0
Extended header Z43 W0 T0:exWavelen,360.0
Extended header Z43 W0 T0:expTime,0.12
Extended header Z43 W0 T0:intenScaling,1.0
Extended header Z43 W0 T0:maxInten,1741.0
Extended header Z43 W0 T0:minInten,47.0
Extended header Z43 W0 T0:ndFilter,0.01
Extended header Z43 W0 T0:photosensorReading,5753.0
Extended header Z43 W0 T0:timeStampSeconds,50.102
Extended header Z43 W1 T0:emWavelen,617.0
Extended header Z43 W1 T0:energyConvFactor,1.0
Extended header Z43 W1 T0:exWavelen,555.0
Extended header Z43 W1 T0:expTime,0.1
Extended header Z43 W1 T0:intenScaling,1.0
Extended header Z43 W1 T0:maxInten,1075.0
Extended header Z43 W1 T0:minInten,56.0
Extended header Z43 W1 T0:ndFilter,0.01
Extended header Z43 W1 T0:photosensorReading,266518.0
Extended header Z43 W1 T0:timeStampSeconds,50.675
Extended header Z44 W0 T0:emWavelen,457.0
Extended header Z44 W0 T0:energyConvFactor,1.0
Extended header Z44 W0 T0:exWavelen,360.0
Extended header Z44 W0 T0:expTime,0.12
Extended header Z44 W0 T0:intenScaling,1.0
Extended header Z44 W0 T0:maxInten,1715.0
Extended header Z44 W0 T0:minInten,51.0
Extended header Z44 W0 T0:ndFilter,0.01
Extended header Z44 W0 T0:photosensorReading,5599.0
Extended header Z44 W0 T0:timeStampSeconds,51.259
Extended header Z44 W1 T0:emWavelen,617.0
Extended header Z44 W1 T0:energyConvFactor,1.0
Extended header Z44 W1 T0:exWavelen,555.0
Extended header Z44 W1 T0:expTime,0.1
Extended header Z44 W1 T0:intenScaling,1.0
Extended header Z44 W1 T0:maxInten,1035.0
Extended header Z44 W1 T0:minInten,54.0
Extended header Z44 W1 T0:ndFilter,0.01
Extended header Z44 W1 T0:photosensorReading,265046.0
Extended header Z44 W1 T0:timeStampSeconds,51.827
Extended header Z45 W0 T0:emWavelen,457.0
Extended header Z45 W0 T0:energyConvFactor,1.0
Extended header Z45 W0 T0:exWavelen,360.0
Extended header Z45 W0 T0:expTime,0.12
Extended header Z45 W0 T0:intenScaling,1.0
Extended header Z45 W0 T0:maxInten,1612.0
Extended header Z45 W0 T0:minInten,49.0
Extended header Z45 W0 T0:ndFilter,0.01
Extended header Z45 W0 T0:photosensorReading,5420.0
Extended header Z45 W0 T0:timeStampSeconds,52.411
Extended header Z45 W1 T0:emWavelen,617.0
Extended header Z45 W1 T0:energyConvFactor,1.0
Extended header Z45 W1 T0:exWavelen,555.0
Extended header Z45 W1 T0:expTime,0.1
Extended header Z45 W1 T0:intenScaling,1.0
Extended header Z45 W1 T0:maxInten,1038.0
Extended header Z45 W1 T0:minInten,56.0
Extended header Z45 W1 T0:ndFilter,0.01
Extended header Z45 W1 T0:photosensorReading,265881.0
Extended header Z45 W1 T0:timeStampSeconds,52.981
Extended header Z46 W0 T0:emWavelen,457.0
Extended header Z46 W0 T0:energyConvFactor,1.0
Extended header Z46 W0 T0:exWavelen,360.0
Extended header Z46 W0 T0:expTime,0.12
Extended header Z46 W0 T0:intenScaling,1.0
Extended header Z46 W0 T0:maxInten,1695.0
Extended header Z46 W0 T0:minInten,51.0
Extended header Z46 W0 T0:ndFilter,0.01
Extended header Z46 W0 T0:photosensorReading,5447.0
Extended header Z46 W0 T0:timeStampSeconds,53.562
Extended header Z46 W1 T0:emWavelen,617.0
Extended header Z46 W1 T0:energyConvFactor,1.0
Extended header Z46 W1 T0:exWavelen,555.0
Extended header Z46 W1 T0:expTime,0.1
Extended header Z46 W1 T0:intenScaling,1.0
Extended header Z46 W1 T0:maxInten,1056.0
Extended header Z46 W1 T0:minInten,56.0
Extended header Z46 W1 T0:ndFilter,0.01
Extended header Z46 W1 T0:photosensorReading,265340.0
Extended header Z46 W1 T0:timeStampSeconds,54.131
Extended header Z47 W0 T0:emWavelen,457.0
Extended header Z47 W0 T0:energyConvFactor,1.0
Extended header Z47 W0 T0:exWavelen,360.0
Extended header Z47 W0 T0:expTime,0.12
Extended header Z47 W0 T0:intenScaling,1.0
Extended header Z47 W0 T0:maxInten,1677.0
Extended header Z47 W0 T0:minInten,51.0
Extended header Z47 W0 T0:ndFilter,0.01
Extended header Z47 W0 T0:photosensorReading,5469.0
Extended header Z47 W0 T0:timeStampSeconds,54.755
Extended header Z47 W1 T0:emWavelen,617.0
Extended header Z47 W1 T0:energyConvFactor,1.0
Extended header Z47 W1 T0:exWavelen,555.0
Extended header Z47 W1 T0:expTime,0.1
Extended header Z47 W1 T0:intenScaling,1.0
Extended header Z47 W1 T0:maxInten,1020.0
Extended header Z47 W1 T0:minInten,57.0
Extended header Z47 W1 T0:ndFilter,0.01
Extended header Z47 W1 T0:photosensorReading,265984.0
Extended header Z47 W1 T0:timeStampSeconds,55.327
Extended header Z48 W0 T0:emWavelen,457.0
Extended header Z48 W0 T0:energyConvFactor,1.0
Extended header Z48 W0 T0:exWavelen,360.0
Extended header Z48 W0 T0:expTime,0.12
Extended header Z48 W0 T0:intenScaling,1.0
Extended header Z48 W0 T0:maxInten,1580.0
Extended header Z48 W0 T0:minInten,53.0
Extended header Z48 W0 T0:ndFilter,0.01
Extended header Z48 W0 T0:photosensorReading,5654.0
Extended header Z48 W0 T0:timeStampSeconds,55.914
Extended header Z48 W1 T0:emWavelen,617.0
Extended header Z48 W1 T0:energyConvFactor,1.0
Extended header Z48 W1 T0:exWavelen,555.0
Extended header Z48 W1 T0:expTime,0.1
Extended header Z48 W1 T0:intenScaling,1.0
Extended header Z48 W1 T0:maxInten,1056.0
Extended header Z48 W1 T0:minInten,64.0
Extended header Z48 W1 T0:ndFilter,0.01
Extended header Z48 W1 T0:photosensorReading,265813.0
Extended header Z48 W1 T0:timeStampSeconds,56.485
Extended header Z49 W0 T0:emWavelen,457.0
Extended header Z49 W0 T0:energyConvFactor,1.0
Extended header Z49 W0 T0:exWavelen,360.0
Extended header Z49 W0 T0:expTime,0.12
Extended header Z49 W0 T0:intenScaling,1.0
Extended header Z49 W0 T0:maxInten,1538.0
Extended header Z49 W0 T0:minInten,50.0
Extended header Z49 W0 T0:ndFilter,0.01
Extended header Z49 W0 T0:photosensorReading,5758.0
Extended header Z49 W0 T0:timeStampSeconds,57.073
Extended header Z49 W1 T0:emWavelen,617.0
Extended header Z49 W1 T0:energyConvFactor,1.0
Extended header Z49 W1 T0:exWavelen,555.0
Extended header Z49 W1 T0:expTime,0.1
Extended header Z49 W1 T0:intenScaling,1.0
Extended header Z49 W1 T0:maxInten,1056.0
Extended header Z49 W1 T0:minInten,62.0
Extended header Z49 W1 T0:ndFilter,0.01
Extended header Z49 W1 T0:photosensorReading,265729.0
Extended header Z49 W1 T0:timeStampSeconds,57.642
Extended header Z5 W0 T0:emWavelen,457.0
Extended header Z5 W0 T0:energyConvFactor,1.0
Extended header Z5 W0 T0:exWavelen,360.0
Extended header Z5 W0 T0:expTime,0.12
Extended header Z5 W0 T0:intenScaling,1.0
Extended header Z5 W0 T0:maxInten,1677.0
Extended header Z5 W0 T0:minInten,53.0
Extended header Z5 W0 T0:ndFilter,0.01
Extended header Z5 W0 T0:photosensorReading,5864.0
Extended header Z5 W0 T0:timeStampSeconds,5.826
Extended header Z5 W1 T0:emWavelen,617.0
Extended header Z5 W1 T0:energyConvFactor,1.0
Extended header Z5 W1 T0:exWavelen,555.0
Extended header Z5 W1 T0:expTime,0.1
Extended header Z5 W1 T0:intenScaling,1.0
Extended header Z5 W1 T0:maxInten,1059.0
Extended header Z5 W1 T0:minInten,51.0
Extended header Z5 W1 T0:ndFilter,0.01
Extended header Z5 W1 T0:photosensorReading,264016.0
Extended header Z5 W1 T0:timeStampSeconds,6.397
Extended header Z50 W0 T0:emWavelen,457.0
Extended header Z50 W0 T0:energyConvFactor,1.0
Extended header Z50 W0 T0:exWavelen,360.0
Extended header Z50 W0 T0:expTime,0.12
Extended header Z50 W0 T0:intenScaling,1.0
Extended header Z50 W0 T0:maxInten,1509.0
Extended header Z50 W0 T0:minInten,51.0
Extended header Z50 W0 T0:ndFilter,0.01
Extended header Z50 W0 T0:photosensorReading,5886.0
Extended header Z50 W0 T0:timeStampSeconds,58.227
Extended header Z50 W1 T0:emWavelen,617.0
Extended header Z50 W1 T0:energyConvFactor,1.0
Extended header Z50 W1 T0:exWavelen,555.0
Extended header Z50 W1 T0:expTime,0.1
Extended header Z50 W1 T0:intenScaling,1.0
Extended header Z50 W1 T0:maxInten,1006.0
Extended header Z50 W1 T0:minInten,57.0
Extended header Z50 W1 T0:ndFilter,0.01
Extended header Z50 W1 T0:photosensorReading,266367.0
Extended header Z50 W1 T0:timeStampSeconds,58.797
Extended header Z51 W0 T0:emWavelen,457.0
Extended header Z51 W0 T0:energyConvFactor,1.0
Extended header Z51 W0 T0:exWavelen,360.0
Extended header Z51 W0 T0:expTime,0.12
Extended header Z51 W0 T0:intenScaling,1.0
Extended header Z51 W0 T0:maxInten,1492.0
Extended header Z51 W0 T0:minInten,51.0
Extended header Z51 W0 T0:ndFilter,0.01
Extended header Z51 W0 T0:photosensorReading,5829.0
Extended header Z51 W0 T0:timeStampSeconds,59.381
Extended header Z51 W1 T0:emWavelen,617.0
Extended header Z51 W1 T0:energyConvFactor,1.0
Extended header Z51 W1 T0:exWavelen,555.0
Extended header Z51 W1 T0:expTime,0.1
Extended header Z51 W1 T0:intenScaling,1.0
Extended header Z51 W1 T0:maxInten,1013.0
Extended header Z51 W1 T0:minInten,65.0
Extended header Z51 W1 T0:ndFilter,0.01
Extended header Z51 W1 T0:photosensorReading,265238.0
Extended header Z51 W1 T0:timeStampSeconds,59.991
Extended header Z52 W0 T0:emWavelen,457.0
Extended header Z52 W0 T0:energyConvFactor,1.0
Extended header Z52 W0 T0:exWavelen,360.0
Extended header Z52 W0 T0:expTime,0.12
Extended header Z52 W0 T0:intenScaling,1.0
Extended header Z52 W0 T0:maxInten,1454.0
Extended header Z52 W0 T0:minInten,51.0
Extended header Z52 W0 T0:ndFilter,0.01
Extended header Z52 W0 T0:photosensorReading,5755.0
Extended header Z52 W0 T0:timeStampSeconds,60.577
Extended header Z52 W1 T0:emWavelen,617.0
Extended header Z52 W1 T0:energyConvFactor,1.0
Extended header Z52 W1 T0:exWavelen,555.0
Extended header Z52 W1 T0:expTime,0.1
Extended header Z52 W1 T0:intenScaling,1.0
Extended header Z52 W1 T0:maxInten,999.0
Extended header Z52 W1 T0:minInten,63.0
Extended header Z52 W1 T0:ndFilter,0.01
Extended header Z52 W1 T0:photosensorReading,265445.0
Extended header Z52 W1 T0:timeStampSeconds,61.148
Extended header Z53 W0 T0:emWavelen,457.0
Extended header Z53 W0 T0:energyConvFactor,1.0
Extended header Z53 W0 T0:exWavelen,360.0
Extended header Z53 W0 T0:expTime,0.12
Extended header Z53 W0 T0:intenScaling,1.0
Extended header Z53 W0 T0:maxInten,1428.0
Extended header Z53 W0 T0:minInten,49.0
Extended header Z53 W0 T0:ndFilter,0.01
Extended header Z53 W0 T0:photosensorReading,5580.0
Extended header Z53 W0 T0:timeStampSeconds,61.735
Extended header Z53 W1 T0:emWavelen,617.0
Extended header Z53 W1 T0:energyConvFactor,1.0
Extended header Z53 W1 T0:exWavelen,555.0
Extended header Z53 W1 T0:expTime,0.1
Extended header Z53 W1 T0:intenScaling,1.0
Extended header Z53 W1 T0:maxInten,1000.0
Extended header Z53 W1 T0:minInten,69.0
Extended header Z53 W1 T0:ndFilter,0.01
Extended header Z53 W1 T0:photosensorReading,265086.0
Extended header Z53 W1 T0:timeStampSeconds,62.305
Extended header Z54 W0 T0:emWavelen,457.0
Extended header Z54 W0 T0:energyConvFactor,1.0
Extended header Z54 W0 T0:exWavelen,360.0
Extended header Z54 W0 T0:expTime,0.12
Extended header Z54 W0 T0:intenScaling,1.0
Extended header Z54 W0 T0:maxInten,1400.0
Extended header Z54 W0 T0:minInten,54.0
Extended header Z54 W0 T0:ndFilter,0.01
Extended header Z54 W0 T0:photosensorReading,5466.0
Extended header Z54 W0 T0:timeStampSeconds,62.889
Extended header Z54 W1 T0:emWavelen,617.0
Extended header Z54 W1 T0:energyConvFactor,1.0
Extended header Z54 W1 T0:exWavelen,555.0
Extended header Z54 W1 T0:expTime,0.1
Extended header Z54 W1 T0:intenScaling,1.0
Extended header Z54 W1 T0:maxInten,1020.0
Extended header Z54 W1 T0:minInten,65.0
Extended header Z54 W1 T0:ndFilter,0.01
Extended header Z54 W1 T0:photosensorReading,265667.0
Extended header Z54 W1 T0:timeStampSeconds,63.462
Extended header Z55 W0 T0:emWavelen,457.0
Extended header Z55 W0 T0:energyConvFactor,1.0
Extended header Z55 W0 T0:exWavelen,360.0
Extended header Z55 W0 T0:expTime,0.12
Extended header Z55 W0 T0:intenScaling,1.0
Extended header Z55 W0 T0:maxInten,1371.0
Extended header Z55 W0 T0:minInten,50.0
Extended header Z55 W0 T0:ndFilter,0.01
Extended header Z55 W0 T0:photosensorReading,5454.0
Extended header Z55 W0 T0:timeStampSeconds,64.048
Extended header Z55 W1 T0:emWavelen,617.0
Extended header Z55 W1 T0:energyConvFactor,1.0
Extended header Z55 W1 T0:exWavelen,555.0
Extended header Z55 W1 T0:expTime,0.1
Extended header Z55 W1 T0:intenScaling,1.0
Extended header Z55 W1 T0:maxInten,992.0
Extended header Z55 W1 T0:minInten,68.0
Extended header Z55 W1 T0:ndFilter,0.01
Extended header Z55 W1 T0:photosensorReading,265182.0
Extended header Z55 W1 T0:timeStampSeconds,64.619
Extended header Z56 W0 T0:emWavelen,457.0
Extended header Z56 W0 T0:energyConvFactor,1.0
Extended header Z56 W0 T0:exWavelen,360.0
Extended header Z56 W0 T0:expTime,0.12
Extended header Z56 W0 T0:intenScaling,1.0
Extended header Z56 W0 T0:maxInten,1366.0
Extended header Z56 W0 T0:minInten,49.0
Extended header Z56 W0 T0:ndFilter,0.01
Extended header Z56 W0 T0:photosensorReading,5510.0
Extended header Z56 W0 T0:timeStampSeconds,65.247
Extended header Z56 W1 T0:emWavelen,617.0
Extended header Z56 W1 T0:energyConvFactor,1.0
Extended header Z56 W1 T0:exWavelen,555.0
Extended header Z56 W1 T0:expTime,0.1
Extended header Z56 W1 T0:intenScaling,1.0
Extended header Z56 W1 T0:maxInten,1032.0
Extended header Z56 W1 T0:minInten,65.0
Extended header Z56 W1 T0:ndFilter,0.01
Extended header Z56 W1 T0:photosensorReading,263962.0
Extended header Z56 W1 T0:timeStampSeconds,65.819
Extended header Z57 W0 T0:emWavelen,457.0
Extended header Z57 W0 T0:energyConvFactor,1.0
Extended header Z57 W0 T0:exWavelen,360.0
Extended header Z57 W0 T0:expTime,0.12
Extended header Z57 W0 T0:intenScaling,1.0
Extended header Z57 W0 T0:maxInten,1311.0
Extended header Z57 W0 T0:minInten,54.0
Extended header Z57 W0 T0:ndFilter,0.01
Extended header Z57 W0 T0:photosensorReading,5643.0
Extended header Z57 W0 T0:timeStampSeconds,66.405
Extended header Z57 W1 T0:emWavelen,617.0
Extended header Z57 W1 T0:energyConvFactor,1.0
Extended header Z57 W1 T0:exWavelen,555.0
Extended header Z57 W1 T0:expTime,0.1
Extended header Z57 W1 T0:intenScaling,1.0
Extended header Z57 W1 T0:maxInten,1060.0
Extended header Z57 W1 T0:minInten,68.0
Extended header Z57 W1 T0:ndFilter,0.01
Extended header Z57 W1 T0:photosensorReading,265577.0
Extended header Z57 W1 T0:timeStampSeconds,66.976
Extended header Z58 W0 T0:emWavelen,457.0
Extended header Z58 W0 T0:energyConvFactor,1.0
Extended header Z58 W0 T0:exWavelen,360.0
Extended header Z58 W0 T0:expTime,0.12
Extended header Z58 W0 T0:intenScaling,1.0
Extended header Z58 W0 T0:maxInten,1306.0
Extended header Z58 W0 T0:minInten,51.0
Extended header Z58 W0 T0:ndFilter,0.01
Extended header Z58 W0 T0:photosensorReading,5757.0
Extended header Z58 W0 T0:timeStampSeconds,67.562
Extended header Z58 W1 T0:emWavelen,617.0
Extended header Z58 W1 T0:energyConvFactor,1.0
Extended header Z58 W1 T0:exWavelen,555.0
Extended header Z58 W1 T0:expTime,0.1
Extended header Z58 W1 T0:intenScaling,1.0
Extended header Z58 W1 T0:maxInten,1046.0
Extended header Z58 W1 T0:minInten,67.0
Extended header Z58 W1 T0:ndFilter,0.01
Extended header Z58 W1 T0:photosensorReading,265130.0
Extended header Z58 W1 T0:timeStampSeconds,68.133
Extended header Z59 W0 T0:emWavelen,457.0
Extended header Z59 W0 T0:energyConvFactor,1.0
Extended header Z59 W0 T0:exWavelen,360.0
Extended header Z59 W0 T0:expTime,0.12
Extended header Z59 W0 T0:intenScaling,1.0
Extended header Z59 W0 T0:maxInten,1263.0
Extended header Z59 W0 T0:minInten,52.0
Extended header Z59 W0 T0:ndFilter,0.01
Extended header Z59 W0 T0:photosensorReading,5864.0
Extended header Z59 W0 T0:timeStampSeconds,68.718
Extended header Z59 W1 T0:emWavelen,617.0
Extended header Z59 W1 T0:energyConvFactor,1.0
Extended header Z59 W1 T0:exWavelen,555.0
Extended header Z59 W1 T0:expTime,0.1
Extended header Z59 W1 T0:intenScaling,1.0
Extended header Z59 W1 T0:maxInten,1042.0
Extended header Z59 W1 T0:minInten,65.0
Extended header Z59 W1 T0:ndFilter,0.01
Extended header Z59 W1 T0:photosensorReading,265781.0
Extended header Z59 W1 T0:timeStampSeconds,69.29
Extended header Z6 W0 T0:emWavelen,457.0
Extended header Z6 W0 T0:energyConvFactor,1.0
Extended header Z6 W0 T0:exWavelen,360.0
Extended header Z6 W0 T0:expTime,0.12
Extended header Z6 W0 T0:intenScaling,1.0
Extended header Z6 W0 T0:maxInten,1671.0
Extended header Z6 W0 T0:minInten,52.0
Extended header Z6 W0 T0:ndFilter,0.01
Extended header Z6 W0 T0:photosensorReading,5845.0
Extended header Z6 W0 T0:timeStampSeconds,6.982
Extended header Z6 W1 T0:emWavelen,617.0
Extended header Z6 W1 T0:energyConvFactor,1.0
Extended header Z6 W1 T0:exWavelen,555.0
Extended header Z6 W1 T0:expTime,0.1
Extended header Z6 W1 T0:intenScaling,1.0
Extended header Z6 W1 T0:maxInten,1081.0
Extended header Z6 W1 T0:minInten,51.0
Extended header Z6 W1 T0:ndFilter,0.01
Extended header Z6 W1 T0:photosensorReading,265969.0
Extended header Z6 W1 T0:timeStampSeconds,7.596
Extended header Z60 W0 T0:emWavelen,457.0
Extended header Z60 W0 T0:energyConvFactor,1.0
Extended header Z60 W0 T0:exWavelen,360.0
Extended header Z60 W0 T0:expTime,0.12
Extended header Z60 W0 T0:intenScaling,1.0
Extended header Z60 W0 T0:maxInten,1289.0
Extended header Z60 W0 T0:minInten,50.0
Extended header Z60 W0 T0:ndFilter,0.01
Extended header Z60 W0 T0:photosensorReading,5802.0
Extended header Z60 W0 T0:timeStampSeconds,69.875
Extended header Z60 W1 T0:emWavelen,617.0
Extended header Z60 W1 T0:energyConvFactor,1.0
Extended header Z60 W1 T0:exWavelen,555.0
Extended header Z60 W1 T0:expTime,0.1
Extended header Z60 W1 T0:intenScaling,1.0
Extended header Z60 W1 T0:maxInten,1026.0
Extended header Z60 W1 T0:minInten,72.0
Extended header Z60 W1 T0:ndFilter,0.01
Extended header Z60 W1 T0:photosensorReading,266448.0
Extended header Z60 W1 T0:timeStampSeconds,70.488
Extended header Z61 W0 T0:emWavelen,457.0
Extended header Z61 W0 T0:energyConvFactor,1.0
Extended header Z61 W0 T0:exWavelen,360.0
Extended header Z61 W0 T0:expTime,0.12
Extended header Z61 W0 T0:intenScaling,1.0
Extended header Z61 W0 T0:maxInten,1300.0
Extended header Z61 W0 T0:minInten,53.0
Extended header Z61 W0 T0:ndFilter,0.01
Extended header Z61 W0 T0:photosensorReading,5723.0
Extended header Z61 W0 T0:timeStampSeconds,71.073
Extended header Z61 W1 T0:emWavelen,617.0
Extended header Z61 W1 T0:energyConvFactor,1.0
Extended header Z61 W1 T0:exWavelen,555.0
Extended header Z61 W1 T0:expTime,0.1
Extended header Z61 W1 T0:intenScaling,1.0
Extended header Z61 W1 T0:maxInten,1012.0
Extended header Z61 W1 T0:minInten,75.0
Extended header Z61 W1 T0:ndFilter,0.01
Extended header Z61 W1 T0:photosensorReading,265237.0
Extended header Z61 W1 T0:timeStampSeconds,71.645
Extended header Z62 W0 T0:emWavelen,457.0
Extended header Z62 W0 T0:energyConvFactor,1.0
Extended header Z62 W0 T0:exWavelen,360.0
Extended header Z62 W0 T0:expTime,0.12
Extended header Z62 W0 T0:intenScaling,1.0
Extended header Z62 W0 T0:maxInten,1262.0
Extended header Z62 W0 T0:minInten,48.0
Extended header Z62 W0 T0:ndFilter,0.01
Extended header Z62 W0 T0:photosensorReading,5582.0
Extended header Z62 W0 T0:timeStampSeconds,72.232
Extended header Z62 W1 T0:emWavelen,617.0
Extended header Z62 W1 T0:energyConvFactor,1.0
Extended header Z62 W1 T0:exWavelen,555.0
Extended header Z62 W1 T0:expTime,0.1
Extended header Z62 W1 T0:intenScaling,1.0
Extended header Z62 W1 T0:maxInten,1087.0
Extended header Z62 W1 T0:minInten,83.0
Extended header Z62 W1 T0:ndFilter,0.01
Extended header Z62 W1 T0:photosensorReading,265418.0
Extended header Z62 W1 T0:timeStampSeconds,72.804
Extended header Z63 W0 T0:emWavelen,457.0
Extended header Z63 W0 T0:energyConvFactor,1.0
Extended header Z63 W0 T0:exWavelen,360.0
Extended header Z63 W0 T0:expTime,0.12
Extended header Z63 W0 T0:intenScaling,1.0
Extended header Z63 W0 T0:maxInten,1295.0
Extended header Z63 W0 T0:minInten,48.0
Extended header Z63 W0 T0:ndFilter,0.01
Extended header Z63 W0 T0:photosensorReading,5456.0
Extended header Z63 W0 T0:timeStampSeconds,73.389
Extended header Z63 W1 T0:emWavelen,617.0
Extended header Z63 W1 T0:energyConvFactor,1.0
Extended header Z63 W1 T0:exWavelen,555.0
Extended header Z63 W1 T0:expTime,0.1
Extended header Z63 W1 T0:intenScaling,1.0
Extended header Z63 W1 T0:maxInten,1027.0
Extended header Z63 W1 T0:minInten,73.0
Extended header Z63 W1 T0:ndFilter,0.01
Extended header Z63 W1 T0:photosensorReading,266605.0
Extended header Z63 W1 T0:timeStampSeconds,73.96
Extended header Z64 W0 T0:emWavelen,457.0
Extended header Z64 W0 T0:energyConvFactor,1.0
Extended header Z64 W0 T0:exWavelen,360.0
Extended header Z64 W0 T0:expTime,0.12
Extended header Z64 W0 T0:intenScaling,1.0
Extended header Z64 W0 T0:maxInten,1234.0
Extended header Z64 W0 T0:minInten,48.0
Extended header Z64 W0 T0:ndFilter,0.01
Extended header Z64 W0 T0:photosensorReading,5455.0
Extended header Z64 W0 T0:timeStampSeconds,74.546
Extended header Z64 W1 T0:emWavelen,617.0
Extended header Z64 W1 T0:energyConvFactor,1.0
Extended header Z64 W1 T0:exWavelen,555.0
Extended header Z64 W1 T0:expTime,0.1
Extended header Z64 W1 T0:intenScaling,1.0
Extended header Z64 W1 T0:maxInten,1054.0
Extended header Z64 W1 T0:minInten,78.0
Extended header Z64 W1 T0:ndFilter,0.01
Extended header Z64 W1 T0:photosensorReading,264695.0
Extended header Z64 W1 T0:timeStampSeconds,75.118
Extended header Z65 W0 T0:emWavelen,457.0
Extended header Z65 W0 T0:energyConvFactor,1.0
Extended header Z65 W0 T0:exWavelen,360.0
Extended header Z65 W0 T0:expTime,0.12
Extended header Z65 W0 T0:intenScaling,1.0
Extended header Z65 W0 T0:maxInten,1170.0
Extended header Z65 W0 T0:minInten,53.0
Extended header Z65 W0 T0:ndFilter,0.01
Extended header Z65 W0 T0:photosensorReading,5451.0
Extended header Z65 W0 T0:timeStampSeconds,75.745
Extended header Z65 W1 T0:emWavelen,617.0
Extended header Z65 W1 T0:energyConvFactor,1.0
Extended header Z65 W1 T0:exWavelen,555.0
Extended header Z65 W1 T0:expTime,0.1
Extended header Z65 W1 T0:intenScaling,1.0
Extended header Z65 W1 T0:maxInten,1035.0
Extended header Z65 W1 T0:minInten,79.0
Extended header Z65 W1 T0:ndFilter,0.01
Extended header Z65 W1 T0:photosensorReading,267776.0
Extended header Z65 W1 T0:timeStampSeconds,76.316
Extended header Z66 W0 T0:emWavelen,457.0
Extended header Z66 W0 T0:energyConvFactor,1.0
Extended header Z66 W0 T0:exWavelen,360.0
Extended header Z66 W0 T0:expTime,0.12
Extended header Z66 W0 T0:intenScaling,1.0
Extended header Z66 W0 T0:maxInten,1097.0
Extended header Z66 W0 T0:minInten,56.0
Extended header Z66 W0 T0:ndFilter,0.01
Extended header Z66 W0 T0:photosensorReading,5663.0
Extended header Z66 W0 T0:timeStampSeconds,76.903
Extended header Z66 W1 T0:emWavelen,617.0
Extended header Z66 W1 T0:energyConvFactor,1.0
Extended header Z66 W1 T0:exWavelen,555.0
Extended header Z66 W1 T0:expTime,0.1
Extended header Z66 W1 T0:intenScaling,1.0
Extended header Z66 W1 T0:maxInten,1042.0
Extended header Z66 W1 T0:minInten,89.0
Extended header Z66 W1 T0:ndFilter,0.01
Extended header Z66 W1 T0:photosensorReading,265419.0
Extended header Z66 W1 T0:timeStampSeconds,77.472
Extended header Z67 W0 T0:emWavelen,457.0
Extended header Z67 W0 T0:energyConvFactor,1.0
Extended header Z67 W0 T0:exWavelen,360.0
Extended header Z67 W0 T0:expTime,0.12
Extended header Z67 W0 T0:intenScaling,1.0
Extended header Z67 W0 T0:maxInten,1083.0
Extended header Z67 W0 T0:minInten,43.0
Extended header Z67 W0 T0:ndFilter,0.01
Extended header Z67 W0 T0:photosensorReading,5769.0
Extended header Z67 W0 T0:timeStampSeconds,78.059
Extended header Z67 W1 T0:emWavelen,617.0
Extended header Z67 W1 T0:energyConvFactor,1.0
Extended header Z67 W1 T0:exWavelen,555.0
Extended header Z67 W1 T0:expTime,0.1
Extended header Z67 W1 T0:intenScaling,1.0
Extended header Z67 W1 T0:maxInten,1096.0
Extended header Z67 W1 T0:minInten,82.0
Extended header Z67 W1 T0:ndFilter,0.01
Extended header Z67 W1 T0:photosensorReading,265515.0
Extended header Z67 W1 T0:timeStampSeconds,78.63
Extended header Z7 W0 T0:emWavelen,457.0
Extended header Z7 W0 T0:energyConvFactor,1.0
Extended header Z7 W0 T0:exWavelen,360.0
Extended header Z7 W0 T0:expTime,0.12
Extended header Z7 W0 T0:intenScaling,1.0
Extended header Z7 W0 T0:maxInten,1698.0
Extended header Z7 W0 T0:minInten,51.0
Extended header Z7 W0 T0:ndFilter,0.01
Extended header Z7 W0 T0:photosensorReading,5757.0
Extended header Z7 W0 T0:timeStampSeconds,8.182
Extended header Z7 W1 T0:emWavelen,617.0
Extended header Z7 W1 T0:energyConvFactor,1.0
Extended header Z7 W1 T0:exWavelen,555.0
Extended header Z7 W1 T0:expTime,0.1
Extended header Z7 W1 T0:intenScaling,1.0
Extended header Z7 W1 T0:maxInten,1129.0
Extended header Z7 W1 T0:minInten,49.0
Extended header Z7 W1 T0:ndFilter,0.01
Extended header Z7 W1 T0:photosensorReading,267195.0
Extended header Z7 W1 T0:timeStampSeconds,8.753
Extended header Z8 W0 T0:emWavelen,457.0
Extended header Z8 W0 T0:energyConvFactor,1.0
Extended header Z8 W0 T0:exWavelen,360.0
Extended header Z8 W0 T0:expTime,0.12
Extended header Z8 W0 T0:intenScaling,1.0
Extended header Z8 W0 T0:maxInten,1783.0
Extended header Z8 W0 T0:minInten,50.0
Extended header Z8 W0 T0:ndFilter,0.01
Extended header Z8 W0 T0:photosensorReading,5632.0
Extended header Z8 W0 T0:timeStampSeconds,9.339
Extended header Z8 W1 T0:emWavelen,617.0
Extended header Z8 W1 T0:energyConvFactor,1.0
Extended header Z8 W1 T0:exWavelen,555.0
Extended header Z8 W1 T0:expTime,0.1
Extended header Z8 W1 T0:intenScaling,1.0
Extended header Z8 W1 T0:maxInten,1166.0
Extended header Z8 W1 T0:minInten,40.0
Extended header Z8 W1 T0:ndFilter,0.01
Extended header Z8 W1 T0:photosensorReading,268482.0
Extended header Z8 W1 T0:timeStampSeconds,9.91
Extended header Z9 W0 T0:emWavelen,457.0
Extended header Z9 W0 T0:energyConvFactor,1.0
Extended header Z9 W0 T0:exWavelen,360.0
Extended header Z9 W0 T0:expTime,0.12
Extended header Z9 W0 T0:intenScaling,1.0
Extended header Z9 W0 T0:maxInten,1777.0
Extended header Z9 W0 T0:minInten,50.0
Extended header Z9 W0 T0:ndFilter,0.01
Extended header Z9 W0 T0:photosensorReading,5452.0
Extended header Z9 W0 T0:timeStampSeconds,10.496
Extended header Z9 W1 T0:emWavelen,617.0
Extended header Z9 W1 T0:energyConvFactor,1.0
Extended header Z9 W1 T0:exWavelen,555.0
Extended header Z9 W1 T0:expTime,0.1
Extended header Z9 W1 T0:intenScaling,1.0
Extended header Z9 W1 T0:maxInten,1263.0
Extended header Z9 W1 T0:minInten,54.0
Extended header Z9 W1 T0:ndFilter,0.01
Extended header Z9 W1 T0:photosensorReading,267017.0
Extended header Z9 W1 T0:timeStampSeconds,11.067
Image Type,unknown
Image sequence,ZTW
ImageHeight,480
ImageJ,1.50e
ImageLength,480
ImageWidth,480
IsInterleaved,false
IsRGB,false
Lens ID Number,10612
LittleEndian,true
Location,/data3/GitHub/ImageAnalysis-RockefellerUniversity/ImageAnalysis-RockefellerUniversity.github.io/Training/Fundamentals_of_microscopy/Presentation/images/F-actin_phalloidin_MTLn3_MEF/MEF_02_actin_z18.tif
MetaDataPhotometricInterpretation,Monochrome
MetaMorph,no
NewSubfileType,0
Number of Sub-resolution sets,1
Number of focal planes,68
Number of timepoints,1
Number of wavelengths,2
NumberOfChannels,1
NumberOfImages,136
PhotometricInterpretation,BlackIsZero
Pixel sampling size (X),1
Pixel sampling size (Y),1
Pixel sampling size (Z),1
PixelType,16 bit unsigned integer
ResolutionUnit,None
Row axis sequence,2
SamplesPerPixel,1
Section axis sequence,3
Series 0 Name,MEF_02_R3D_D3D.dv
SizeC,2
SizeT,1
SizeX,480
SizeY,480
SizeZ,68
Space group number,0
Sub-image starting point (X),0
Sub-image starting point (Y),0
Sub-image starting point (Z),0
Title #1,IMGCORR:  Norm=on  Method=1
Title #2,Bleach=on  Zline=on
Title #3,DECON3D:  4    0.1010    5    0.2900    1.0000   11    0.0318
Title #4,??
Title #5,H1AA
Title #6,C
Unit,micron
Wavelength 1 (in nm),457
Wavelength 1 max. intensity,4455.0
Wavelength 1 mean intensity,183.66914
Wavelength 1 min. intensity,40.0
Wavelength 2 (in nm),617
Wavelength 2 max. intensity,7401.0
Wavelength 2 min. intensity,0.0
Wavelength 3 (in nm),0
Wavelength 3 max. intensity,0.0
Wavelength 3 min. intensity,0.0
Wavelength 4 (in nm),0
Wavelength 4 max. intensity,0.0
Wavelength 4 min. intensity,0.0
Wavelength 5 (in nm),0
Wavelength 5 max. intensity,0.0
Wavelength 5 min. intensity,0.0
X axis angle,90.0
X axis tilt angle,0.0
X element length (in um),0.214
X origin (in um),0.0
XResolution,4.672897
Y axis angle,90.0
Y axis tilt angle,0.0
Y element length (in um),0.214
Y origin (in um),0.0
YResolution,4.672897
Z axis angle,90.0
Z axis reduction quotient,1
Z axis tilt angle,0.0
Z element length (in um),0.3
Z origin (in um),0.0
max,2404.0
min,20.0
